<?xml version="1.0" encoding="UTF-8"?>
<project-private xmlns="http://www.netbeans.org/ns/project-private/1">
    <editor-bookmarks xmlns="http://www.netbeans.org/ns/editor-bookmarks/2" lastBookmarkId="0"/>
    <open-files xmlns="http://www.netbeans.org/ns/projectui-open-files/2">
        <group>
            <file>file:/C:/Users/vitoria/Documents/NetBeansProjects/jogo1/src/controller/AcessoBD.java</file>
            <file>file:/C:/Users/vitoria/Documents/NetBeansProjects/jogo1/src/model/dao/ArmaDAO.java</file>
            <file>file:/C:/Users/vitoria/Documents/NetBeansProjects/jogo1/src/model/dao/UsuarioDAO.java</file>
            <file>file:/C:/Users/vitoria/Documents/NetBeansProjects/jogo1/src/model/dao/AlinhamentoDAO.java</file>
            <file>file:/C:/Users/vitoria/Documents/NetBeansProjects/jogo1/src/view/MundoView.java</file>
            <file>file:/C:/Users/vitoria/Documents/NetBeansProjects/jogo1/src/controller/listener/PersonagemListener.java</file>
            <file>file:/C:/Users/vitoria/Documents/NetBeansProjects/jogo1/src/view/AlinhamentoView.java</file>
            <file>file:/C:/Users/vitoria/Documents/NetBeansProjects/jogo1/src/model/entity/Personagem.java</file>
            <file>file:/C:/Users/vitoria/Documents/NetBeansProjects/jogo1/src/model/entity/Arma.java</file>
            <file>file:/C:/Users/vitoria/Documents/NetBeansProjects/jogo1/src/view/ClassificacaoView.java</file>
            <file>file:/C:/Users/vitoria/Documents/NetBeansProjects/jogo1/src/model/entity/Usuario.java</file>
            <file>file:/C:/Users/vitoria/Documents/NetBeansProjects/jogo1/src/model/dao/MundoDAO.java</file>
            <file>file:/C:/Users/vitoria/Documents/NetBeansProjects/jogo1/src/controller/listener/ClassificacaoListener.java</file>
            <file>file:/C:/Users/vitoria/Documents/NetBeansProjects/jogo1/src/view/TelaInicialGamerView.java</file>
            <file>file:/C:/Users/vitoria/Documents/NetBeansProjects/jogo1/src/model/entity/Classificacao.java</file>
            <file>file:/C:/Users/vitoria/Documents/NetBeansProjects/jogo1/src/model/entity/Mundo.java</file>
            <file>file:/C:/Users/vitoria/Documents/NetBeansProjects/jogo1/src/model/dao/EstiloLutaDAO.java</file>
            <file>file:/C:/Users/vitoria/Documents/NetBeansProjects/jogo1/src/view/TelaInicialAdminView.java</file>
            <file>file:/C:/Users/vitoria/Documents/NetBeansProjects/jogo1/src/controller/listener/AlinhamentoListener.java</file>
            <file>file:/C:/Users/vitoria/Documents/NetBeansProjects/jogo1/src/view/ArmaView.java</file>
            <file>file:/C:/Users/vitoria/Documents/NetBeansProjects/jogo1/src/controller/listener/EstiloLutaListener.java</file>
            <file>file:/C:/Users/vitoria/Documents/NetBeansProjects/jogo1/src/view/PersonagemView.java</file>
            <file>file:/C:/Users/vitoria/Documents/NetBeansProjects/jogo1/src/model/entity/Alinhamento.java</file>
            <file>file:/C:/Users/vitoria/Documents/NetBeansProjects/jogo1/src/model/entity/EstiloLuta.java</file>
            <file>file:/C:/Users/vitoria/Documents/NetBeansProjects/jogo1/src/view/BatalhaView.java</file>
            <file>file:/C:/Users/vitoria/Documents/NetBeansProjects/jogo1/src/controller/listener/BatalhaListener.java</file>
            <file>file:/C:/Users/vitoria/Documents/NetBeansProjects/jogo1/src/controller/listener/ArmaListener.java</file>
            <file>file:/C:/Users/vitoria/Documents/NetBeansProjects/jogo1/src/controller/listener/MundoListener.java</file>
            <file>file:/C:/Users/vitoria/Documents/NetBeansProjects/jogo1/src/model/dao/ClassificacaoDAO.java</file>
            <file>file:/C:/Users/vitoria/Documents/NetBeansProjects/jogo1/src/view/EstiloLutaView.java</file>
            <file>file:/C:/Users/vitoria/Documents/NetBeansProjects/jogo1/src/model/dao/PersonagemDAO.java</file>
            <file>file:/C:/Users/vitoria/Documents/NetBeansProjects/jogo1/src/controller/listener/LoginListener.java</file>
            <file>file:/C:/Users/vitoria/Documents/NetBeansProjects/jogo1/src/view/LoginView.java</file>
        </group>
    </open-files>
</project-private>
