<?xml version="1.0" encoding="UTF-8"?>
<project-private xmlns="http://www.netbeans.org/ns/project-private/1">
    <editor-bookmarks xmlns="http://www.netbeans.org/ns/editor-bookmarks/2" lastBookmarkId="0"/>
    <open-files xmlns="http://www.netbeans.org/ns/projectui-open-files/2">
        <group>
            <file>file:/C:/Users/vitoria/Documents/NetBeansProjects/meujogo/src/jogo/jogador2.java</file>
            <file>file:/C:/Users/vitoria/Documents/NetBeansProjects/meujogo/src/jogo/hulk.java</file>
            <file>file:/C:/Users/vitoria/Documents/NetBeansProjects/meujogo/src/jogo/Jogador.java</file>
            <file>file:/C:/Users/vitoria/Documents/NetBeansProjects/meujogo/src/jogo/Cenario1.java</file>
            <file>file:/C:/Users/vitoria/Documents/NetBeansProjects/meujogo/src/jogo/Controledetiros.java</file>
            <file>file:/C:/Users/vitoria/Documents/NetBeansProjects/meujogo/src/jogo/Controle.java</file>
            <file>file:/C:/Users/vitoria/Documents/NetBeansProjects/meujogo/src/jogo/tiro.java</file>
            <file>file:/C:/Users/vitoria/Documents/NetBeansProjects/meujogo/src/jogo/Main.java</file>
            <file>file:/C:/Users/vitoria/Documents/NetBeansProjects/meujogo/src/jogo/content_pic.png</file>
        </group>
    </open-files>
</project-private>
